EVM,EQEE,EQPE,ETM,SVM,E11,E22,E33,E23,E13,E12,S11,S22,S33,S23,S13,S12,TempK,EQSR
0,0,0,0,0,0,0,0,0,0,0,0,0,0,0,0,0,293,0
0.00095433,0.000954141,1.44434e-07,0,147.475,-0.000259414,-0.000259414,0.001,-3.8234e-22,-3.13564e-24,-7.59689e-19,0,0,147.475,0,0,0,293,4.77174e+07
0.00190874,0.00190818,4.09094e-07,0,294.862,-0.000518555,-0.000518555,0.002,-1.36764e-18,5.18716e-24,-4.69771e-18,0,0,294.862,0,0,0,293,4.77217e+07
0.00286327,0.00286216,7.50739e-07,0,442.152,-0.000777347,-0.000777347,0.003,-4.90617e-18,2.15055e-23,-1.43169e-17,0,0,442.152,0,0,0,293,4.77262e+07
0.00381788,0.0038161,1.15768e-06,0,589.36,-0.00103585,-0.00103585,0.004,-1.17521e-17,2.71866e-23,-3.21798e-17,0,0,589.36,0,0,0,293,4.77307e+07
0.00477258,0.00476996,1.65747e-06,0,736.484,-0.00129407,-0.00129407,0.005,-2.25392e-17,3.54167e-23,-6.09452e-17,0,0,736.484,0,0,0,293,4.77351e+07
0.00572737,0.0057237,2.30177e-06,0,883.516,-0.00155203,-0.00155203,0.006,-3.82018e-17,5.05036e-23,-1.03381e-16,0,0,883.516,0,0,0,293,4.77393e+07
0.00668223,0.00667724,3.1788e-06,0,1030.44,-0.00180974,-0.00180974,0.007,-5.97124e-17,7.66557e-23,-1.63233e-16,0,0,1030.44,0,0,0,293,4.77432e+07
0.00763715,0.00763042,4.44109e-06,0,1177.24,-0.00206724,-0.00206724,0.008,-8.8303e-17,1.35853e-22,-2.46118e-16,0,0,1177.24,0,0,0,293,4.77464e+07
0.00859213,0.00858299,6.36073e-06,0,1323.88,-0.00232461,-0.00232461,0.009,-1.25799e-16,1.72525e-22,-3.61742e-16,0,0,1323.88,0,0,0,293,4.77487e+07
0.0095471,0.00953447,9.44075e-06,0,1470.27,-0.00258195,-0.00258195,0.01,-1.75409e-16,3.31301e-22,-5.28976e-16,0,0,1470.27,0,0,0,293,4.7749e+07
0.010502,0.0104839,1.46446e-05,0,1616.28,-0.00283952,-0.00283952,0.011,-2.43618e-16,7.72789e-22,-7.87787e-16,0,0,1616.28,0,0,0,293,4.77455e+07
0.0114567,0.0114296,2.38842e-05,0,1761.63,-0.00309777,-0.00309777,0.012,-3.44834e-16,1.89144e-21,-1.22804e-15,0,0,1761.63,0,0,0,293,4.77346e+07
0.0124109,0.0123676,4.10867e-05,0,1905.74,-0.00335767,-0.00335767,0.013,-5.13017e-16,3.57456e-21,-2.06092e-15,0,0,1905.74,0,0,0,293,4.77089e+07
0.0133639,0.0132901,7.4596e-05,0,2047.4,-0.00362127,-0.00362127,0.014,-8.31355e-16,7.23621e-21,-3.80062e-15,0,0,2047.4,0,0,0,293,4.76534e+07
0.0143144,0.0141796,0.000142716,0,2183.92,-0.00389308,-0.00389308,0.015,-1.60965e-15,1.32808e-20,-7.57877e-15,0,0,2183.92,0,0,0,293,4.75402e+07
0.0152593,0.0149966,0.000286759,0,2309.27,-0.00418327,-0.00418327,0.016,-3.41293e-15,3.01557e-20,-1.66307e-14,0,0,2309.27,0,0,0,293,4.73375e+07
0.0161923,0.0156503,0.000602007,0,2409.51,-0.00451527,-0.00451527,0.017,-7.83291e-15,7.75434e-20,-3.9199e-14,0,0,2409.51,0,0,0,293,4.71406e+07
0.0171016,0.0159295,0.00130955,0,2452.32,-0.0049435,-0.0049435,0.018,-1.9015e-14,1.76231e-19,-9.66734e-14,0,0,2452.32,0,0,0,293,4.8086e+07
0.017975,0.0153596,0.00290672,0,2364.88,-0.00558994,-0.00558995,0.019,-4.74122e-14,3.92452e-19,-2.42206e-13,0,0,2364.88,0,0,0,293,5.65918e+07
0.0188563,0.0130058,0.00637319,0,2003.36,-0.00669293,-0.00669294,0.02,-1.16844e-13,8.32103e-19,-5.88995e-13,0,0,2003.36,0,0,0,293,9.02546e+07
0.0200245,0.00787653,0.0127474,0,1213.39,-0.00849843,-0.00849845,0.021,-2.48782e-13,1.64874e-18,-1.28797e-12,0,0,1213.39,0,0,0,293,1.54581e+08
0.0215114,0.00318282,0.0186758,0,489.506,-0.0101845,-0.0101846,0.022,-4.47736e-13,2.49714e-18,-1.96046e-12,0,0,489.506,0,0,0,293,1.43257e+08
0.0226698,0.00205051,0.020855,0,313.788,-0.0109719,-0.0109719,0.023,-3.16137e-13,2.51154e-18,-2.75484e-12,0,0,313.788,0,0,0,293,6.5448e+07
0.0236953,0.00186952,0.0220514,0,286.439,-0.0115167,-0.0115165,0.024,-3.54081e-13,3.41122e-18,-3.1203e-12,0,0,286.439,0,0,0,293,5.16624e+07
0.0246977,0.00184443,0.0230856,0,283.234,-0.0120219,-0.0120217,0.025,-3.42364e-13,3.57759e-18,-3.5297e-12,0,0,283.234,0,0,0,293,5.01771e+07
0.0256986,0.00183926,0.0240837,0,281.605,-0.0125247,-0.0125243,0.026,-1.10626e-13,4.45623e-18,-4.27407e-12,0,0,281.605,0,0,0,293,5.00894e+07
0.0266978,0.00184174,0.0250806,0,281.881,-0.0130243,-0.0130238,0.027,-1.04133e-14,4.6237e-18,-4.80743e-12,0,0,281.881,0,0,0,293,4.9985e+07
0.0276968,0.00184472,0.026078,0,282.336,-0.0135236,-0.013523,0.028,8.7772e-14,3.33024e-18,-5.32659e-12,0,0,282.336,0,0,0,293,4.99753e+07
0.0286959,0.00184753,0.0270751,0,282.727,-0.014023,-0.0140223,0.029,1.9151e-13,3.48378e-18,-5.84866e-12,0,0,282.727,0,0,0,293,4.99787e+07
0.029695,0.00185043,0.0280723,0,283.15,-0.0145224,-0.0145216,0.03,2.96976e-13,3.6241e-18,-6.36644e-12,0,0,283.15,0,0,0,293,4.9977e+07
0.0306941,0.00185332,0.0290694,0,283.566,-0.0150218,-0.0150208,0.031,4.05186e-13,3.76753e-18,-6.88244e-12,0,0,283.566,0,0,0,293,4.99774e+07
0.0316933,0.00185624,0.0300665,0,283.991,-0.0155211,-0.0155201,0.032,5.15208e-13,3.1404e-18,-7.3953e-12,0,0,283.991,0,0,0,293,4.99769e+07
0.0326925,0.00185916,0.0310636,0,284.418,-0.0160205,-0.0160193,0.033,6.26931e-13,1.80095e-18,-7.90525e-12,0,0,284.418,0,0,0,293,4.99768e+07
0.0336917,0.00186211,0.0320606,0,284.85,-0.0165199,-0.0165185,0.034,7.39951e-13,2.65623e-18,-8.41194e-12,0,0,284.85,0,0,0,293,4.99765e+07
0.0346909,0.00186507,0.0330576,0,285.286,-0.0170192,-0.0170178,0.035,8.54016e-13,3.52278e-18,-8.91524e-12,0,0,285.286,0,0,0,293,4.99763e+07
0.0356901,0.00186805,0.0340546,0,285.725,-0.0175186,-0.017517,0.036,9.6884e-13,4.38839e-18,-9.41497e-12,0,0,285.725,0,0,0,293,4.99761e+07
0.0366893,0.00187105,0.0350516,0,286.168,-0.0180179,-0.0180162,0.037,1.08418e-12,4.52775e-18,-9.91101e-12,0,0,286.168,0,0,0,293,4.99759e+07
0.0376886,0.00187406,0.0360485,0,286.615,-0.0185172,-0.0185154,0.038,1.1998e-12,5.42603e-18,-1.04032e-11,0,0,286.615,0,0,0,293,4.99757e+07
0.0386878,0.00187708,0.0370455,0,287.065,-0.0190166,-0.0190146,0.039,1.3155e-12,7.09635e-18,-1.08915e-11,0,0,287.065,0,0,0,293,4.99755e+07
0.0396871,0.00188012,0.0380424,0,287.519,-0.0195159,-0.0195138,0.04,1.43107e-12,8.77729e-18,-1.13758e-11,0,0,287.519,0,0,0,293,4.99753e+07
0.0406864,0.00188317,0.0390392,0,287.975,-0.0200152,-0.020013,0.041,1.54634e-12,8.94611e-18,-1.18559e-11,0,0,287.975,0,0,0,293,4.99752e+07
0.0416857,0.00188624,0.0400361,0,288.435,-0.0205145,-0.0205121,0.042,1.66113e-12,8.34909e-18,-1.23319e-11,0,0,288.435,0,0,0,293,4.9975e+07
0.042685,0.00188933,0.0410329,0,288.898,-0.0210139,-0.0210113,0.043,1.7753e-12,8.54386e-18,-1.28036e-11,0,0,288.898,0,0,0,293,4.99748e+07
0.0436842,0.00189243,0.0420298,0,289.364,-0.0215132,-0.0215105,0.044,1.88871e-12,8.72849e-18,-1.3271e-11,0,0,289.364,0,0,0,293,4.99747e+07
0.0446835,0.00189554,0.0430266,0,289.833,-0.0220125,-0.0220096,0.045,2.00123e-12,8.10447e-18,-1.37341e-11,0,0,289.833,0,0,0,293,4.99745e+07
0.0456829,0.00189867,0.0440233,0,290.305,-0.0225118,-0.0225088,0.046,2.11273e-12,7.47401e-18,-1.41928e-11,0,0,290.305,0,0,0,293,4.99743e+07
0.0466822,0.00190181,0.0450201,0,290.779,-0.0230111,-0.023008,0.047,2.22311e-12,6.07918e-18,-1.4647e-11,0,0,290.779,0,0,0,293,4.99742e+07
0.0476815,0.00190496,0.0460168,0,291.257,-0.0235103,-0.0235071,0.048,2.33228e-12,6.22132e-18,-1.50969e-11,0,0,291.257,0,0,0,293,4.9974e+07
0.0486808,0.00190813,0.0470136,0,291.737,-0.0240096,-0.0240063,0.049,2.44014e-12,6.36257e-18,-1.55423e-11,0,0,291.737,0,0,0,293,4.99739e+07
0.0496801,0.00191132,0.0480103,0,292.22,-0.0245089,-0.0245054,0.05,2.54661e-12,4.92546e-18,-1.59832e-11,0,0,292.22,0,0,0,293,4.99737e+07
0.0506795,0.00191451,0.049007,0,292.705,-0.0250082,-0.0250045,0.051,2.65162e-12,4.24785e-18,-1.64197e-11,0,0,292.705,0,0,0,293,4.99736e+07
0.0516788,0.00191772,0.0500036,0,293.193,-0.0255074,-0.0255037,0.052,2.75511e-12,3.5609e-18,-1.68518e-11,0,0,293.193,0,0,0,293,4.99735e+07
0.0526781,0.00192095,0.0510003,0,293.684,-0.0260067,-0.0260028,0.053,2.857e-12,2.05348e-18,-1.72794e-11,0,0,293.684,0,0,0,293,4.99733e+07
0.0536775,0.00192418,0.0519969,0,294.177,-0.026506,-0.0265019,0.054,2.95726e-12,1.36846e-18,-1.77026e-11,0,0,294.177,0,0,0,293,4.99732e+07
0.0546768,0.00192743,0.0529936,0,294.673,-0.0270052,-0.0270011,0.055,3.05583e-12,6.37714e-19,-1.81213e-11,0,0,294.673,0,0,0,293,4.99731e+07
0.0556761,0.0019307,0.0539902,0,295.171,-0.0275045,-0.0275002,0.056,3.15266e-12,-9.06654e-19,-1.85357e-11,0,0,295.171,0,0,0,293,4.99729e+07
0.0566755,0.00193397,0.0549868,0,295.671,-0.0280037,-0.0279993,0.057,3.24773e-12,-2.48557e-18,-1.89457e-11,0,0,295.671,0,0,0,293,4.99728e+07
0.0576748,0.00193726,0.0559833,0,296.174,-0.028503,-0.0284984,0.058,3.341e-12,-3.25083e-18,-1.93513e-11,0,0,296.174,0,0,0,293,4.99727e+07
0.0586742,0.00194057,0.0569799,0,296.679,-0.0290022,-0.0289975,0.059,3.43244e-12,-4.85232e-18,-1.97526e-11,0,0,296.679,0,0,0,293,4.99725e+07
0.0596735,0.00194388,0.0579764,0,297.186,-0.0295014,-0.0294966,0.06,3.52203e-12,-6.48275e-18,-2.01495e-11,0,0,297.186,0,0,0,293,4.99724e+07
0.0606728,0.00194721,0.058973,0,297.695,-0.0300007,-0.0299957,0.061,3.60975e-12,-8.9828e-18,-2.05423e-11,0,0,297.695,0,0,0,293,4.99723e+07
0.0616722,0.00195055,0.0599695,0,298.207,-0.0304999,-0.0304948,0.062,3.69557e-12,-1.14969e-17,-2.09307e-11,0,0,298.207,0,0,0,293,4.99722e+07
0.0626715,0.00195391,0.060966,0,298.721,-0.0309991,-0.0309939,0.063,3.77949e-12,-1.40612e-17,-2.1315e-11,0,0,298.721,0,0,0,293,4.99721e+07
0.0636709,0.00195727,0.0619625,0,299.237,-0.0314984,-0.031493,0.064,3.8615e-12,-1.49632e-17,-2.16951e-11,0,0,299.237,0,0,0,293,4.99719e+07
0.0646702,0.00196065,0.0629589,0,299.756,-0.0319976,-0.0319921,0.065,3.94159e-12,-1.67323e-17,-2.20711e-11,0,0,299.756,0,0,0,293,4.99718e+07
0.0656696,0.00196404,0.0639554,0,300.276,-0.0324968,-0.0324912,0.066,4.01975e-12,-1.76445e-17,-2.2443e-11,0,0,300.276,0,0,0,293,4.99717e+07
0.0666689,0.00196745,0.0649518,0,300.798,-0.032996,-0.0329903,0.067,4.09599e-12,-1.85541e-17,-2.28108e-11,0,0,300.798,0,0,0,293,4.99716e+07
0.0676683,0.00197086,0.0659482,0,301.323,-0.0334952,-0.0334893,0.068,4.17029e-12,-1.94888e-17,-2.31746e-11,0,0,301.323,0,0,0,293,4.99715e+07
0.0686676,0.00197429,0.0669447,0,301.85,-0.0339944,-0.0339884,0.069,4.24266e-12,-1.95855e-17,-2.35345e-11,0,0,301.85,0,0,0,293,4.99714e+07
0.069667,0.00197773,0.0679411,0,302.378,-0.0344936,-0.0344875,0.07,4.31311e-12,-1.88054e-17,-2.38904e-11,0,0,302.378,0,0,0,293,4.99713e+07
0.0706663,0.00198118,0.0689374,0,302.909,-0.0349928,-0.0349866,0.071,4.38164e-12,-1.89076e-17,-2.42424e-11,0,0,302.909,0,0,0,293,4.99711e+07
0.0716657,0.00198465,0.0699338,0,303.441,-0.035492,-0.0354856,0.072,4.44825e-12,-1.81052e-17,-2.45906e-11,0,0,303.441,0,0,0,293,4.9971e+07
0.072665,0.00198812,0.0709302,0,303.976,-0.0359912,-0.0359847,0.073,4.51297e-12,-1.6416e-17,-2.4935e-11,0,0,303.976,0,0,0,293,4.99709e+07
0.0736644,0.00199161,0.0719265,0,304.513,-0.0364904,-0.0364838,0.074,4.57578e-12,-1.64515e-17,-2.52756e-11,0,0,304.513,0,0,0,293,4.99708e+07
0.0746637,0.00199511,0.0729229,0,305.051,-0.0369895,-0.0369828,0.075,4.63671e-12,-2.01005e-17,-2.56125e-11,0,0,305.051,0,0,0,293,4.99707e+07
0.0756631,0.00199862,0.0739192,0,305.592,-0.0374887,-0.0374819,0.076,4.69577e-12,-2.37964e-17,-2.59457e-11,0,0,305.592,0,0,0,293,4.99706e+07
0.0766624,0.00200214,0.0749155,0,306.134,-0.0379879,-0.0379809,0.077,4.75298e-12,-2.2096e-17,-2.62753e-11,0,0,306.134,0,0,0,293,4.99705e+07
0.0776618,0.00200568,0.0759118,0,306.678,-0.0384871,-0.03848,0.078,4.80833e-12,-2.22083e-17,-2.66013e-11,0,0,306.678,0,0,0,293,4.99704e+07
0.0786611,0.00200922,0.0769081,0,307.224,-0.0389862,-0.038979,0.079,4.86186e-12,-2.2327e-17,-2.69238e-11,0,0,307.224,0,0,0,293,4.99703e+07
0.0796605,0.00201278,0.0779043,0,307.772,-0.0394854,-0.0394781,0.08,4.91357e-12,-2.06124e-17,-2.72427e-11,0,0,307.772,0,0,0,293,4.99702e+07
0.0806598,0.00201635,0.0789006,0,308.322,-0.0399846,-0.0399771,0.081,4.96348e-12,-1.8895e-17,-2.75582e-11,0,0,308.322,0,0,0,293,4.99701e+07
0.0816592,0.00201993,0.0798968,0,308.873,-0.0404837,-0.0404761,0.082,5.01162e-12,-1.7151e-17,-2.78703e-11,0,0,308.873,0,0,0,293,4.997e+07
0.0826585,0.00202352,0.0808931,0,309.427,-0.0409829,-0.0409752,0.083,5.05799e-12,-1.72461e-17,-2.8179e-11,0,0,309.427,0,0,0,293,4.99699e+07
0.0836579,0.00202712,0.0818893,0,309.982,-0.041482,-0.0414742,0.084,5.10262e-12,-2.10683e-17,-2.84843e-11,0,0,309.982,0,0,0,293,4.99698e+07
0.0846572,0.00203074,0.0828855,0,310.539,-0.0419812,-0.0419732,0.085,5.14552e-12,-2.11447e-17,-2.87864e-11,0,0,310.539,0,0,0,293,4.99697e+07
0.0856566,0.00203436,0.0838817,0,311.098,-0.0424803,-0.0424723,0.086,5.18672e-12,-2.12618e-17,-2.90852e-11,0,0,311.098,0,0,0,293,4.99696e+07
0.0866559,0.002038,0.0848779,0,311.658,-0.0429795,-0.0429713,0.087,5.22624e-12,-1.94567e-17,-2.93808e-11,0,0,311.658,0,0,0,293,4.99695e+07
0.0876552,0.00204164,0.0858741,0,312.221,-0.0434786,-0.0434703,0.088,5.26409e-12,-2.14637e-17,-2.96732e-11,0,0,312.221,0,0,0,293,4.99694e+07
0.0886546,0.0020453,0.0868702,0,312.784,-0.0439777,-0.0439693,0.089,5.30029e-12,-2.34588e-17,-2.99624e-11,0,0,312.784,0,0,0,293,4.99693e+07
0.0896539,0.00204897,0.0878664,0,313.35,-0.0444769,-0.0444683,0.09,5.33487e-12,-2.54878e-17,-3.02486e-11,0,0,313.35,0,0,0,293,4.99692e+07
0.0906533,0.00205265,0.0888625,0,313.918,-0.044976,-0.0449674,0.091,5.36785e-12,-2.75282e-17,-3.05317e-11,0,0,313.918,0,0,0,293,4.99692e+07
0.0916526,0.00205634,0.0898586,0,314.487,-0.0454751,-0.0454664,0.092,5.39924e-12,-2.76654e-17,-3.08118e-11,0,0,314.487,0,0,0,293,4.99691e+07
0.0926519,0.00206004,0.0908548,0,315.057,-0.0459743,-0.0459654,0.093,5.42908e-12,-2.78021e-17,-3.10889e-11,0,0,315.057,0,0,0,293,4.9969e+07
0.0936513,0.00206375,0.0918509,0,315.63,-0.0464734,-0.0464644,0.094,5.45737e-12,-2.99153e-17,-3.13631e-11,0,0,315.63,0,0,0,293,4.99689e+07
0.0946506,0.00206747,0.092847,0,316.204,-0.0469725,-0.0469634,0.095,5.48416e-12,-3.20593e-17,-3.16343e-11,0,0,316.204,0,0,0,293,4.99688e+07
0.0956499,0.0020712,0.093843,0,316.78,-0.0474716,-0.0474624,0.096,5.50944e-12,-3.22356e-17,-3.19027e-11,0,0,316.78,0,0,0,293,4.99687e+07
0.0966493,0.00207494,0.0948391,0,317.357,-0.0479707,-0.0479614,0.097,5.53325e-12,-3.24283e-17,-3.21682e-11,0,0,317.357,0,0,0,293,4.99686e+07
0.0976486,0.0020787,0.0958352,0,317.936,-0.0484698,-0.0484604,0.098,5.55562e-12,-3.26184e-17,-3.2431e-11,0,0,317.936,0,0,0,293,4.99685e+07
0.0986479,0.00208246,0.0968312,0,318.516,-0.048969,-0.0489594,0.099,5.57655e-12,-3.47934e-17,-3.26909e-11,0,0,318.516,0,0,0,293,4.99684e+07
0.0996473,0.00208623,0.0978273,0,319.098,-0.0494681,-0.0494583,0.1,5.59608e-12,-3.89829e-17,-3.29482e-11,0,0,319.098,0,0,0,293,4.99683e+07
0.100647,0.00209001,0.0988233,0,319.682,-0.0499672,-0.0499573,0.101,5.61423e-12,-4.1185e-17,-3.32027e-11,0,0,319.682,0,0,0,293,4.99683e+07
0.101646,0.0020938,0.0998193,0,320.267,-0.0504663,-0.0504563,0.102,5.63101e-12,-4.34159e-17,-3.34545e-11,0,0,320.267,0,0,0,293,4.99682e+07
0.102645,0.00209761,0.100815,0,320.854,-0.0509654,-0.0509553,0.103,5.64646e-12,-4.77329e-17,-3.37037e-11,0,0,320.854,0,0,0,293,4.99681e+07
0.103645,0.00210142,0.101811,0,321.443,-0.0514645,-0.0514543,0.104,5.66059e-12,-5.20709e-17,-3.39503e-11,0,0,321.443,0,0,0,293,4.9968e+07
0.104644,0.00210524,0.102807,0,322.032,-0.0519636,-0.0519533,0.105,5.67342e-12,-5.43972e-17,-3.41944e-11,0,0,322.032,0,0,0,293,4.99679e+07
0.105643,0.00210907,0.103803,0,322.624,-0.0524626,-0.0524522,0.106,5.68499e-12,-5.88509e-17,-3.44358e-11,0,0,322.624,0,0,0,293,4.99678e+07
0.106643,0.00211291,0.104799,0,323.217,-0.0529617,-0.0529512,0.107,5.6953e-12,-6.54241e-17,-3.46748e-11,0,0,323.217,0,0,0,293,4.99678e+07
0.107642,0.00211676,0.105795,0,323.811,-0.0534608,-0.0534502,0.108,5.70439e-12,-7.20369e-17,-3.49113e-11,0,0,323.811,0,0,0,293,4.99677e+07
0.108641,0.00212062,0.106791,0,324.407,-0.0539599,-0.0539491,0.109,5.71227e-12,-7.66322e-17,-3.51453e-11,0,0,324.407,0,0,0,293,4.99676e+07
0.109641,0.00212449,0.107787,0,325.004,-0.054459,-0.0544481,0.11,5.71896e-12,-7.92052e-17,-3.53769e-11,0,0,325.004,0,0,0,293,4.99675e+07
0.11064,0.00212837,0.108783,0,325.603,-0.0549581,-0.0549471,0.111,5.72449e-12,-8.39002e-17,-3.56061e-11,0,0,325.603,0,0,0,293,4.99674e+07
0.111639,0.00213226,0.109779,0,326.204,-0.0554572,-0.055446,0.112,5.72889e-12,-8.44256e-17,-3.5833e-11,0,0,326.204,0,0,0,293,4.99674e+07
0.112638,0.00213616,0.110775,0,326.805,-0.0559562,-0.055945,0.113,5.73216e-12,-8.71061e-17,-3.60574e-11,0,0,326.805,0,0,0,293,4.99673e+07
0.113638,0.00214007,0.111771,0,327.408,-0.0564553,-0.0564439,0.114,5.73434e-12,-8.55395e-17,-3.62796e-11,0,0,327.408,0,0,0,293,4.99672e+07
0.114637,0.00214398,0.112767,0,328.013,-0.0569544,-0.0569429,0.115,5.73544e-12,-8.82923e-17,-3.64995e-11,0,0,328.013,0,0,0,293,4.99671e+07
0.115636,0.00214791,0.113763,0,328.619,-0.0574534,-0.0574418,0.116,5.73549e-12,-8.67215e-17,-3.67171e-11,0,0,328.619,0,0,0,293,4.99671e+07
0.116636,0.00215184,0.114758,0,329.226,-0.0579525,-0.0579408,0.117,5.7345e-12,-8.73192e-17,-3.69325e-11,0,0,329.226,0,0,0,293,4.9967e+07
0.117635,0.00215578,0.115754,0,329.835,-0.0584516,-0.0584397,0.118,5.73251e-12,-8.78824e-17,-3.71456e-11,0,0,329.835,0,0,0,293,4.99669e+07
0.118634,0.00215974,0.11675,0,330.445,-0.0589506,-0.0589387,0.119,5.72952e-12,-8.62646e-17,-3.73566e-11,0,0,330.445,0,0,0,293,4.99668e+07
0.119634,0.0021637,0.117746,0,331.057,-0.0594497,-0.0594376,0.12,5.72556e-12,-8.46125e-17,-3.75654e-11,0,0,331.057,0,0,0,293,4.99668e+07
0.120633,0.00216766,0.118742,0,331.669,-0.0599488,-0.0599365,0.121,5.72065e-12,-8.29677e-17,-3.77721e-11,0,0,331.669,0,0,0,293,4.99667e+07
0.121632,0.00217164,0.119738,0,332.284,-0.0604478,-0.0604355,0.122,5.71481e-12,-8.34876e-17,-3.79766e-11,0,0,332.284,0,0,0,293,4.99666e+07
0.122632,0.00217563,0.120733,0,332.899,-0.0609469,-0.0609344,0.123,5.70807e-12,-8.39941e-17,-3.81791e-11,0,0,332.899,0,0,0,293,4.99665e+07
0.123631,0.00217962,0.121729,0,333.516,-0.0614459,-0.0614333,0.124,5.70043e-12,-8.2266e-17,-3.83795e-11,0,0,333.516,0,0,0,293,4.99665e+07
0.12463,0.00218363,0.122725,0,334.134,-0.061945,-0.0619323,0.125,5.69192e-12,-8.05285e-17,-3.85778e-11,0,0,334.134,0,0,0,293,4.99664e+07
0.12563,0.00218764,0.123721,0,334.753,-0.062444,-0.0624312,0.126,5.68257e-12,-8.10054e-17,-3.87741e-11,0,0,334.753,0,0,0,293,4.99663e+07
0.126629,0.00219166,0.124717,0,335.374,-0.0629431,-0.0629301,0.127,5.67238e-12,-7.92147e-17,-3.89684e-11,0,0,335.374,0,0,0,293,4.99663e+07
0.127628,0.00219568,0.125712,0,335.996,-0.0634421,-0.063429,0.128,5.6614e-12,-7.96746e-17,-3.91607e-11,0,0,335.996,0,0,0,293,4.99662e+07
0.128627,0.00219972,0.126708,0,336.619,-0.0639412,-0.0639279,0.129,5.64962e-12,-8.24054e-17,-3.93511e-11,0,0,336.619,0,0,0,293,4.99661e+07
0.129627,0.00220376,0.127704,0,337.243,-0.0644402,-0.0644269,0.13,5.63707e-12,-8.51347e-17,-3.95395e-11,0,0,337.243,0,0,0,293,4.9966e+07
0.130626,0.00220782,0.1287,0,337.869,-0.0649392,-0.0649258,0.131,5.62377e-12,-8.79055e-17,-3.9726e-11,0,0,337.869,0,0,0,293,4.9966e+07
0.131625,0.00221187,0.129695,0,338.496,-0.0654383,-0.0654247,0.132,5.60974e-12,-9.30215e-17,-3.99106e-11,0,0,338.496,0,0,0,293,4.99659e+07
0.132625,0.00221594,0.130691,0,339.124,-0.0659373,-0.0659236,0.133,5.59499e-12,-9.8183e-17,-4.00933e-11,0,0,339.124,0,0,0,293,4.99659e+07
0.133624,0.00222002,0.131687,0,339.753,-0.0664363,-0.0664225,0.134,5.57956e-12,-9.6394e-17,-4.02741e-11,0,0,339.753,0,0,0,293,4.99658e+07
0.134623,0.0022241,0.132683,0,340.384,-0.0669354,-0.0669214,0.135,5.56345e-12,-9.46253e-17,-4.04531e-11,0,0,340.384,0,0,0,293,4.99657e+07
0.135623,0.00222819,0.133678,0,341.015,-0.0674344,-0.0674203,0.136,5.54669e-12,-9.04771e-17,-4.06302e-11,0,0,341.015,0,0,0,293,4.99657e+07
0.136622,0.00223229,0.134674,0,341.648,-0.0679334,-0.0679192,0.137,5.52929e-12,-8.86536e-17,-4.08056e-11,0,0,341.648,0,0,0,293,4.99656e+07
0.137621,0.00223639,0.13567,0,342.282,-0.0684325,-0.0684181,0.138,5.51127e-12,-8.43859e-17,-4.09791e-11,0,0,342.282,0,0,0,293,4.99655e+07
0.13862,0.00224051,0.136665,0,342.917,-0.0689315,-0.068917,0.139,5.49265e-12,-8.00831e-17,-4.11509e-11,0,0,342.917,0,0,0,293,4.99655e+07
0.13962,0.00224463,0.137661,0,343.553,-0.0694305,-0.0694159,0.14,5.47345e-12,-8.05465e-17,-4.13209e-11,0,0,343.553,0,0,0,293,4.99654e+07
0.140619,0.00224875,0.138657,0,344.191,-0.0699295,-0.0699148,0.141,5.45369e-12,-8.09855e-17,-4.14892e-11,0,0,344.191,0,0,0,293,4.99653e+07
0.141618,0.00225289,0.139652,0,344.829,-0.0704286,-0.0704137,0.142,5.43338e-12,-7.89899e-17,-4.16557e-11,0,0,344.829,0,0,0,293,4.99653e+07
0.142618,0.00225703,0.140648,0,345.468,-0.0709276,-0.0709126,0.143,5.41254e-12,-7.69727e-17,-4.18206e-11,0,0,345.468,0,0,0,293,4.99652e+07
0.143617,0.00226118,0.141644,0,346.109,-0.0714266,-0.0714114,0.144,5.39119e-12,-7.73836e-17,-4.19837e-11,0,0,346.109,0,0,0,293,4.99652e+07
0.144616,0.00226533,0.142639,0,346.751,-0.0719256,-0.0719103,0.145,5.36934e-12,-7.77881e-17,-4.21452e-11,0,0,346.751,0,0,0,293,4.99651e+07
0.145615,0.00226949,0.143635,0,347.393,-0.0724246,-0.0724092,0.146,5.34702e-12,-7.57126e-17,-4.2305e-11,0,0,347.393,0,0,0,293,4.99651e+07
0.146615,0.00227366,0.144631,0,348.037,-0.0729237,-0.0729081,0.147,5.32423e-12,-7.60711e-17,-4.24632e-11,0,0,348.037,0,0,0,293,4.9965e+07
0.147614,0.00227784,0.145626,0,348.682,-0.0734227,-0.073407,0.148,5.301e-12,-7.39624e-17,-4.26197e-11,0,0,348.682,0,0,0,293,4.99649e+07
0.148613,0.00228202,0.146622,0,349.328,-0.0739217,-0.0739058,0.149,5.27735e-12,-7.43117e-17,-4.27747e-11,0,0,349.328,0,0,0,293,4.99649e+07
0.149613,0.00228621,0.147617,0,349.975,-0.0744207,-0.0744047,0.15,5.25328e-12,-7.4665e-17,-4.2928e-11,0,0,349.975,0,0,0,293,4.99648e+07
0.150612,0.0022904,0.148613,0,350.622,-0.0749197,-0.0749036,0.151,5.22882e-12,-7.49987e-17,-4.30798e-11,0,0,350.622,0,0,0,293,4.99648e+07
0.151611,0.00229461,0.149609,0,351.271,-0.0754187,-0.0754024,0.152,5.20397e-12,-7.27719e-17,-4.32299e-11,0,0,351.271,0,0,0,293,4.99647e+07
0.15261,0.00229881,0.150604,0,351.921,-0.0759177,-0.0759013,0.153,5.17877e-12,-7.31078e-17,-4.33786e-11,0,0,351.921,0,0,0,293,4.99647e+07
0.15361,0.00230303,0.1516,0,352.572,-0.0764167,-0.0764002,0.154,5.15322e-12,-7.08672e-17,-4.35257e-11,0,0,352.572,0,0,0,293,4.99646e+07
0.154609,0.00230725,0.152595,0,353.223,-0.0769157,-0.076899,0.155,5.12733e-12,-7.11914e-17,-4.36712e-11,0,0,353.223,0,0,0,293,4.99646e+07
0.155608,0.00231147,0.153591,0,353.876,-0.0774147,-0.0773979,0.156,5.10113e-12,-7.15022e-17,-4.38153e-11,0,0,353.876,0,0,0,293,4.99645e+07
0.156608,0.00231571,0.154586,0,354.53,-0.0779137,-0.0778968,0.157,5.07463e-12,-7.43895e-17,-4.39578e-11,0,0,354.53,0,0,0,293,4.99645e+07
0.157607,0.00231995,0.155582,0,355.184,-0.0784127,-0.0783956,0.158,5.04784e-12,-7.46762e-17,-4.40989e-11,0,0,355.184,0,0,0,293,4.99644e+07
0.158606,0.00232419,0.156577,0,355.84,-0.0789117,-0.0788945,0.159,5.02078e-12,-7.76303e-17,-4.42385e-11,0,0,355.84,0,0,0,293,4.99644e+07
0.159605,0.00232844,0.157573,0,356.496,-0.0794107,-0.0793933,0.16,4.99346e-12,-7.7978e-17,-4.43766e-11,0,0,356.496,0,0,0,293,4.99643e+07
0.160605,0.0023327,0.158569,0,357.153,-0.0799097,-0.0798922,0.161,4.9659e-12,-8.35948e-17,-4.45133e-11,0,0,357.153,0,0,0,293,4.99643e+07
0.161604,0.00233696,0.159564,0,357.811,-0.0804087,-0.080391,0.162,4.93811e-12,-8.92476e-17,-4.46485e-11,0,0,357.811,0,0,0,293,4.99642e+07
0.162603,0.00234122,0.16056,0,358.47,-0.0809077,-0.0808899,0.163,4.91012e-12,-9.7583e-17,-4.47824e-11,0,0,358.47,0,0,0,293,4.99642e+07
0.163602,0.0023455,0.161555,0,359.13,-0.0814067,-0.0813887,0.164,4.88192e-12,-1.03336e-16,-4.49148e-11,0,0,359.13,0,0,0,293,4.99641e+07
0.164602,0.00234977,0.162551,0,359.79,-0.0819057,-0.0818876,0.165,4.85354e-12,-1.06486e-16,-4.50458e-11,0,0,359.79,0,0,0,293,4.99641e+07
0.165601,0.00235406,0.163546,0,360.452,-0.0824047,-0.0823864,0.166,4.82499e-12,-1.09684e-16,-4.51754e-11,0,0,360.452,0,0,0,293,4.9964e+07
0.1666,0.00235835,0.164542,0,361.114,-0.0829037,-0.0828852,0.167,4.79629e-12,-1.15606e-16,-4.53037e-11,0,0,361.114,0,0,0,293,4.9964e+07
0.1676,0.00236264,0.165537,0,361.777,-0.0834027,-0.0833841,0.168,4.76744e-12,-1.1617e-16,-4.54306e-11,0,0,361.777,0,0,0,293,4.99639e+07
0.168599,0.00236694,0.166533,0,362.441,-0.0839017,-0.0838829,0.169,4.73846e-12,-1.16761e-16,-4.55561e-11,0,0,362.441,0,0,0,293,4.99639e+07
0.169598,0.00237124,0.167528,0,363.105,-0.0844007,-0.0843817,0.17,4.70936e-12,-1.17404e-16,-4.56803e-11,0,0,363.105,0,0,0,293,4.99639e+07
0.170597,0.00237555,0.168524,0,363.771,-0.0848997,-0.0848806,0.171,4.68016e-12,-1.20786e-16,-4.58032e-11,0,0,363.771,0,0,0,293,4.99638e+07
0.171597,0.00237986,0.169519,0,364.437,-0.0853987,-0.0853794,0.172,4.65087e-12,-1.15951e-16,-4.59248e-11,0,0,364.437,0,0,0,293,4.99638e+07
0.172596,0.00238418,0.170515,0,365.104,-0.0858977,-0.0858782,0.173,4.62151e-12,-1.16641e-16,-4.6045e-11,0,0,365.104,0,0,0,293,4.99637e+07
0.173595,0.00238851,0.17151,0,365.771,-0.0863967,-0.0863771,0.174,4.59208e-12,-1.14538e-16,-4.6164e-11,0,0,365.771,0,0,0,293,4.99637e+07
0.174594,0.00239283,0.172505,0,366.44,-0.0868956,-0.0868759,0.175,4.56259e-12,-1.09627e-16,-4.62816e-11,0,0,366.44,0,0,0,293,4.99637e+07
0.175594,0.00239717,0.173501,0,367.109,-0.0873946,-0.0873747,0.176,4.53307e-12,-1.04659e-16,-4.6398e-11,0,0,367.109,0,0,0,293,4.99636e+07
0.176593,0.0024015,0.174496,0,367.778,-0.0878936,-0.0878735,0.177,4.50351e-12,-1.0526e-16,-4.65132e-11,0,0,367.778,0,0,0,293,4.99636e+07
0.177592,0.00240584,0.175492,0,368.449,-0.0883926,-0.0883723,0.178,4.47394e-12,-1.03026e-16,-4.6627e-11,0,0,368.449,0,0,0,293,4.99635e+07
0.178591,0.00241019,0.176487,0,369.12,-0.0888916,-0.0888712,0.179,4.44436e-12,-1.00761e-16,-4.67397e-11,0,0,369.12,0,0,0,293,4.99635e+07
0.179591,0.00241454,0.177483,0,369.792,-0.0893906,-0.08937,0.18,4.41479e-12,-1.01316e-16,-4.68511e-11,0,0,369.792,0,0,0,293,4.99635e+07
0.18059,0.00241889,0.178478,0,370.464,-0.0898896,-0.0898688,0.181,4.38524e-12,-1.01844e-16,-4.69613e-11,0,0,370.464,0,0,0,293,4.99634e+07
0.181589,0.00242325,0.179474,0,371.137,-0.0903885,-0.0903676,0.182,4.35572e-12,-1.0235e-16,-4.70702e-11,0,0,371.137,0,0,0,293,4.99634e+07
0.182588,0.00242761,0.180469,0,371.811,-0.0908875,-0.0908664,0.183,4.32623e-12,-9.71029e-17,-4.7178e-11,0,0,371.811,0,0,0,293,4.99634e+07
0.183588,0.00243198,0.181464,0,372.485,-0.0913865,-0.0913652,0.184,4.29679e-12,-9.47406e-17,-4.72846e-11,0,0,372.485,0,0,0,293,4.99633e+07
0.184587,0.00243635,0.18246,0,373.16,-0.0918855,-0.091864,0.185,4.26741e-12,-9.23306e-17,-4.739e-11,0,0,373.16,0,0,0,293,4.99633e+07
0.185586,0.00244073,0.183455,0,373.835,-0.0923845,-0.0923628,0.186,4.2381e-12,-8.9864e-17,-4.74942e-11,0,0,373.835,0,0,0,293,4.99633e+07
0.186585,0.0024451,0.184451,0,374.511,-0.0928835,-0.0928617,0.187,4.20887e-12,-8.15223e-17,-4.75972e-11,0,0,374.511,0,0,0,293,4.99632e+07
0.187585,0.00244948,0.185446,0,375.188,-0.0933824,-0.0933605,0.188,4.17973e-12,-7.89821e-17,-4.76992e-11,0,0,375.188,0,0,0,293,4.99632e+07
0.188584,0.00245387,0.186441,0,375.865,-0.0938814,-0.0938593,0.189,4.1507e-12,-7.34301e-17,-4.77999e-11,0,0,375.865,0,0,0,293,4.99632e+07
0.189583,0.00245826,0.187437,0,376.543,-0.0943804,-0.0943581,0.19,4.12177e-12,-7.07805e-17,-4.78995e-11,0,0,376.543,0,0,0,293,4.99631e+07
0.190582,0.00246265,0.188432,0,377.221,-0.0948794,-0.0948569,0.191,4.09296e-12,-6.51066e-17,-4.7998e-11,0,0,377.221,0,0,0,293,4.99631e+07
0.191582,0.00246705,0.189428,0,377.9,-0.0953784,-0.0953557,0.192,4.06428e-12,-5.93875e-17,-4.80954e-11,0,0,377.9,0,0,0,293,4.99631e+07
0.192581,0.00247145,0.190423,0,378.579,-0.0958774,-0.0958544,0.193,4.03574e-12,-5.05823e-17,-4.81917e-11,0,0,378.579,0,0,0,293,4.99631e+07
0.19358,0.00247585,0.191418,0,379.259,-0.0963763,-0.0963532,0.194,4.00734e-12,-5.07605e-17,-4.82869e-11,0,0,379.259,0,0,0,293,4.9963e+07
0.194579,0.00248025,0.192414,0,379.939,-0.0968753,-0.096852,0.195,3.9791e-12,-5.08774e-17,-4.8381e-11,0,0,379.939,0,0,0,293,4.9963e+07
0.195579,0.00248466,0.193409,0,380.62,-0.0973743,-0.0973508,0.196,3.95102e-12,-4.79176e-17,-4.8474e-11,0,0,380.62,0,0,0,293,4.9963e+07
0.196578,0.00248907,0.194405,0,381.301,-0.0978733,-0.0978496,0.197,3.92312e-12,-4.4963e-17,-4.85659e-11,0,0,381.301,0,0,0,293,4.9963e+07
0.197577,0.00249349,0.1954,0,381.982,-0.0983723,-0.0983484,0.198,3.89539e-12,-3.88937e-17,-4.86568e-11,0,0,381.982,0,0,0,293,4.99629e+07
0.198576,0.0024979,0.196395,0,382.664,-0.0988712,-0.0988472,0.199,3.86785e-12,-3.27922e-17,-4.87466e-11,0,0,382.664,0,0,0,293,4.99629e+07
0.199576,0.00250232,0.197391,0,383.347,-0.0993702,-0.099346,0.2,3.84051e-12,-2.35483e-17,-4.88354e-11,0,0,383.347,0,0,0,293,4.99629e+07
